
INSERT INTO USER (user_id, name, BorrowHistory, fines) VALUES
(1, 'John Doe', 'Borrowed: Book1, Book2', 10.00),
(2, 'Jane Smith', 'Borrowed: Book3, Book4', 5.00),
(3, 'Alice Brown', 'Borrowed: Book5, Book6', 0.00),
(4, 'Bob White', 'Borrowed: Book7', 2.50),
(5, 'Charlie Black', 'Borrowed: Book8, Book9', 15.00),
(6, 'Diana Green', 'Borrowed: Book10', 0.00),
(7, 'Eve Gray', 'Borrowed: Book11, Book12', 20.00),
(8, 'Frank Blue', 'Borrowed: Book13', 7.50),
(9, 'Grace Red', 'Borrowed: Book14, Book15', 12.00),
(10, 'Hank Yellow', 'Borrowed: Book16', 0.00),
(11, 'Ivy Purple', 'Borrowed: Book17', 6.50),
(12, 'Jack Orange', 'Borrowed: Book18', 4.00),
(13, 'Karen Violet', 'Borrowed: Book19', 9.00),
(14, 'Leo Pink', 'Borrowed: Book20', 3.00),
(15, 'Mona Cyan', 'Borrowed: Book21', 0.00),
(16, 'Nina Magenta', 'Borrowed: Book22', 1.50),
(17, 'Oscar Lime', 'Borrowed: Book23', 8.00),
(18, 'Paul Aqua', 'Borrowed: Book24', 0.00),
(19, 'Quinn Teal', 'Borrowed: Book25', 10.50),
(20, 'Rita Beige', 'Borrowed: Book26', 0.00);


INSERT INTO LIBRARIAN (librarian_id, Fname, Lname, sex, Email, salary) VALUES
(1, 'Anna', 'Brown', 'F', 'anna.brown@library.com', 50000.00),
(2, 'Ben', 'White', 'M', 'ben.white@library.com', 48000.00),
(3, 'Cathy', 'Smith', 'F', 'cathy.smith@library.com', 51000.00),
(4, 'David', 'Jones', 'M', 'david.jones@library.com', 52000.00),
(5, 'Ella', 'Taylor', 'F', 'ella.taylor@library.com', 47000.00),
(6, 'Frank', 'Lee', 'M', 'frank.lee@library.com', 46000.00),
(7, 'Grace', 'Kim', 'F', 'grace.kim@library.com', 53000.00),
(8, 'Harry', 'Wilson', 'M', 'harry.wilson@library.com', 49000.00),
(9, 'Ivy', 'Moore', 'F', 'ivy.moore@library.com', 55000.00),
(10, 'Jack', 'Clark', 'M', 'jack.clark@library.com', 45000.00),
(11, 'Kara', 'Hall', 'F', 'kara.hall@library.com', 52000.00),
(12, 'Liam', 'Young', 'M', 'liam.young@library.com', 48000.00),
(13, 'Mila', 'Scott', 'F', 'mila.scott@library.com', 54000.00),
(14, 'Noah', 'Adams', 'M', 'noah.adams@library.com', 49000.00),
(15, 'Olivia', 'Baker', 'F', 'olivia.baker@library.com', 47000.00),
(16, 'Peter', 'Carter', 'M', 'peter.carter@library.com', 50000.00),
(17, 'Quinn', 'Evans', 'M', 'quinn.evans@library.com', 46000.00),
(18, 'Rose', 'Foster', 'F', 'rose.foster@library.com', 53000.00),
(19, 'Sam', 'Gray', 'M', 'sam.gray@library.com', 48000.00),
(20, 'Tina', 'Harris', 'F', 'tina.harris@library.com', 51000.00);


INSERT INTO PHONE (user_id, librarian_id, phone_number) VALUES
(1, 1, '123-456-7890'),
(2, 2, '234-567-8901'),
(3, 3, '345-678-9012'),
(4, 4, '456-789-0123'),
(5, 5, '567-890-1234'),
(6, 6, '678-901-2345'),
(7, 7, '789-012-3456'),
(8, 8, '890-123-4567'),
(9, 9, '901-234-5678'),
(10, 10, '012-345-6789'),
(11, 11, '123-456-7891'),
(12, 12, '234-567-8902'),
(13, 13, '345-678-9013'),
(14, 14, '456-789-0124'),
(15, 15, '567-890-1235'),
(16, 16, '678-901-2346'),
(17, 17, '789-012-3457'),
(18, 18, '890-123-4568'),
(19, 19, '901-234-5679'),
(20, 20, '012-345-6780');

INSERT INTO CATEGORY (category_id, category_name) VALUES
(1, 'Fiction'),
(2, 'Science'),
(3, 'History'),
(4, 'Biography'),
(5, 'Fantasy'),
(6, 'Adventure'),
(7, 'Romance'),
(8, 'Horror'),
(9, 'Thriller'),
(10, 'Mystery'),
(11, 'Drama'),
(12, 'Comedy'),
(13, 'Self-help'),
(14, 'Philosophy'),
(15, 'Religion'),
(16, 'Art'),
(17, 'Technology'),
(18, 'Education'),
(19, 'Health'),
(20, 'Travel');

INSERT INTO LOCATION (location_id, section, shelf) VALUES
(10, 'Adventure', 'A1'),
(20, 'Science', 'S1'),
(30, 'History', 'H1'),
(40, 'Biography', 'B1'),
(50, 'Fantasy', 'F1'),
(60, 'Romance', 'R1'),
(70, 'Horror', 'H2'),
(80, 'Mystery', 'M1'),
(90, 'Self-help', 'S2'),
(100, 'Technology', 'T1'),
(110, 'Art', 'A2'),
(120, 'Philosophy', 'P1'),
(130, 'Religion', 'R2'),
(140, 'Health', 'H3'),
(150, 'Travel', 'T2'),
(160, 'Education', 'E1'),
(170, 'Ancient History', 'H4'),
(180, 'Modern Biographies', 'B2'),
(190, 'Fantasy Tales', 'F2'),
(200, 'Romance Classics', 'R3');


INSERT INTO AUTHOR (author_id, name) VALUES
(1, 'John Writer'),
(2, 'Sarah Educator'),
(3, 'Michael Historian'),
(4, 'Anna Biographer'),
(5, 'George Fantasy'),
(6, 'Emily Romance'),
(7, 'Victor Horror'),
(8, 'Diana Mystery'),
(9, 'Paul Self-help'),
(10, 'Rachel Techie'),
(11, 'Sophia Artist'),
(12, 'Liam Philosopher'),
(13, 'Oliver Religious'),
(14, 'Emma Health'),
(15, 'Isabella Traveler'),
(16, 'James Educator'),
(17, 'Lucas Historian'),
(18, 'Grace Biographer'),
(19, 'Ethan Fantasy'),
(20, 'Mia Romance');

INSERT INTO BOOK (book_id, name, available_copies, publisher, location_id, author_id) VALUES
(1, 'The Great Adventure', 5, 'Adventure Press', 1, 1),
(2, 'Science for Beginners', 10, 'Education House', 2, 2),
(3, 'Historical Times', 8, 'History Co.', 3, 3),
(4, 'Life of a Legend', 3, 'Biography Publishers', 4, 4),
(5, 'Mystic Lands', 7, 'Fantasy House', 5, 5),
(6, 'Romantic Escapades', 4, 'Romance Press', 6, 6),
(7, 'Horror Stories', 6, 'Horror Publications', 7, 7),
(8, 'The Mystery Case', 9, 'Mystery Books Inc.', 8, 8),
(9, 'Self-Improvement 101', 15, 'Self-help Press', 9, 9),
(10, 'Tech Innovations', 12, 'Technology Works', 10, 10),
(11, 'The Art of Living', 10, 'Art House', 11, 11),
(12, 'Philosophical Thoughts', 8, 'Philosophy Inc.', 12, 12),
(13, 'Religious Insights', 7, 'Religion Press', 13, 13),
(14, 'World Health', 14, 'Health Publications', 14, 14),
(15, 'Travelers Guide', 11, 'Travel House', 15, 15),
(16, 'Science Experiments', 6, 'Education Hub', 16, 2),
(17, 'Ancient Wonders', 4, 'History Vault', 17, 3),
(18, 'Famous Biographies', 3, 'Biography Corp.', 18, 4),
(19, 'Fantasy World', 5, 'Fantasy Realm', 19, 5),
(20, 'Love in Paris', 8, 'Romance Tales', 20, 6);

INSERT INTO HAVE_MANY (category_id, book_id, available_books) VALUES
(1, 1, 5),
(2, 2, 10),
(3, 3, 8),
(4, 4, 3),
(5, 5, 7),
(6, 6, 4),
(7, 7, 6),
(8, 8, 9),
(9, 9, 15),
(10, 10, 12),
(11, 11, 10),
(12, 12, 8),
(13, 13, 7),
(14, 14, 14),
(15, 15, 11),
(2, 16, 6),
(3, 17, 4),
(4, 18, 3),
(5, 19, 5),
(7, 20, 8);


INSERT INTO MESSAGE (message_id, content) VALUES
(1, 'Great collection of books!'),
(2, 'The library is very organized.'),
(3, 'Can you recommend a good fantasy book?'),
(4, 'The librarian was very helpful.'),
(5, 'Looking for more science books.'),
(6, 'Amazing experience!'),
(7, 'Need more romance novels.'),
(8, 'Love the technology section!'),
(9, 'The biography section is excellent.'),
(10, 'Would like to see more travel guides.'),
(11, 'Please fix the damaged books in history.'),
(12, 'Nice horror collection.'),
(13, 'I couldn’t find the book I was looking for.'),
(14, 'Staff is very friendly!'),
(15, 'Expand the health section please.'),
(16, 'A wonderful place to study.'),
(17, 'Can we get more art books?'),
(18, 'Great ambiance and facilities.'),
(19, 'Would like to see more copies of popular books.'),
(20, 'Thanks for the excellent service.');


INSERT INTO FEEDBACK (FeedBack_id, rating, message_id) VALUES
(1, 5, 1),
(2, 4, 2),
(3, 5, 3),
(4, 5, 4),
(5, 4, 5),
(6, 5, 6),
(7, 3, 7),
(8, 5, 8),
(9, 5, 9),
(10, 4, 10),
(11, 3, 11),
(12, 4, 12),
(13, 2, 13),
(14, 5, 14),
(15, 4, 15),
(16, 5, 16),
(17, 4, 17),
(18, 5, 18),
(19, 4, 19),
(20, 5, 20);


INSERT INTO FINE (fine_id, amount, fine_status) VALUES
(1, 10.00, 'Paid'),
(2, 5.00, 'Pending'),
(3, 0.00, 'Waived'),
(4, 2.50, 'Paid'),
(5, 15.00, 'Pending'),
(6, 0.00, 'Waived'),
(7, 20.00, 'Paid'),
(8, 7.50, 'Pending'),
(9, 12.00, 'Paid'),
(10, 0.00, 'Waived'),
(11, 6.50, 'Paid'),
(12, 4.00, 'Pending'),
(13, 9.00, 'Paid'),
(14, 3.00, 'Pending'),
(15, 0.00, 'Waived'),
(16, 1.50, 'Paid'),
(17, 8.00, 'Pending'),
(18, 0.00, 'Waived')
